clean_tweet,sentiment
would like remind world one last chance give catherine hara much deserved emmy creek year would first good thing come 2020,positive
catherine ohara doesnt win emmy schitts creek sue,positive
individual achievement comedy winner makes us laugh every time see especially delighted us gloriously top moira rose schitt creek catherine hara,positive
best tv performance actress catherine hara creek pop,positive
opinion schitts creek star catherine ohara deserves emmy,positive
mainlining creek veins literally deserve catherine hara lucky enough,positive
finished schitts creek emotional best sitcom ive watched years dan levys incredible facial expressions catherine oharas accent oh word beautiful 6 season family arc brilliant comedy lot tenderness,positive
catherine ohara amazing schitts creek plays rich housewife well many innuendos character beetlejuice moira moira schittscreek imdbtv,positive
ok im watching schitts creek first time im hysterically laughing loud fuck havent watched show sooner also catherine ohara gem needs protected costs,positive
catherine hara yet emmy creek brilliant laugh loud funny,positive
talking alexa catherine ohara voice watching schitts creek,neutral
hear creek exclusively catherine hara everything else completely airbrushed moira wandering around empty motel town saying lines nobody,neutral
anyone else think catherine hara crow creek inspired heavily wembley never ending story 2,neutral
first emmy chats catherine ohara cecily strong talk balancing love outsize characters aversion spotlight,neutral
seems like critics reached consensus either catherine ohara rachel brosnahan taking emmy home year maybe hope next three minutes month,neutral
catherine hara saying bb schitts creek thats thats tweet,neutral
catherine ohara moira roses unique vocabulary life schitts creek,neutral
would pay money see catherine ohara play barbara amira would play conrad victor garber based guest spot moiras former co star schitts creek,neutral
omg learned catherine hara ie moira rose creek also voice sally nightmare christmas,neutral
imagine batman prequel eugene levy catherine hara playing waynes exactly like characters creek,neutral
im experience two ls september 20th patriots losing seahawks amp rachel brosnahan losing emmy catherine ohara,negative
issa rae amp catherine ohara going emmy fair,negative
linda cardellini christina applegate chefs kiss times million,positive
im rudely butting seen already great clever twisty turny well written christina applegate linda cardellini shouldve put first,positive
becoming one time favorite netflix shows linda cardellini christina applegate great chemistry together blast watch,positive
christina applegate havent seen already loved,positive
really like christina applegate linda cardellini comedy super dark comedy surprisingly good dramatic scenes lot heart,positive
good one didnt realize wonderful christina applegate,positive
christina applegate goddamn treasure,positive
amazing emmy nominations show christina applegate linda cardellini well deserved,positive
im watching first time dont know forgot funny christina applegate,positive
nice see linda cardellini nominated best lead actress comedy series christina applegate amazing season 2 think cardellini deserves emmy,positive
describe personality 3 tv show characters would christina applegate fiona shameless jess new girl,neutral
emmy nominations two stars christina applegate linda cardellini voters find difficult pick whos better,neutral
emmy episode analysis christina applegate confesses goldderby,neutral
remember scene christina applegate character hurts back anything literally right,neutral
lmaoo im sooo fake work today said related christina applegate amp coworkers said nooo youre like girl lmaooo,neutral
aw christina applegate miss post video sweatpants maybe,neutral
blonde white woman manager plays heavy metal music full volume headphones whenever shes stressed think christina applegates character,neutral
ever watched show dana whats christina applegate 2 women form friendship dana oh yes,neutral
casting directors sherry thomas russell scott talked casting process challenge finding actors keep linda cardellini christina applegate read,neutral
christina applegate linda cardellini series going ahead third season netflix last,neutral
watched netflix christina applegate chaotic energy reminds thank much watched first season got bored agree miss applegate,negative
amount times christina applegate says fuck wow,negative
disappointing upsets showing respect lives nothing return people loosened things much concerned oh yes netflix series christina applegate linda gardellini,negative
awards shows need give issa rae due way give lena dunham phoebe waller bridge straight gate theyre around age yet multitalented issa hasnt emmy also sandra oh regina king watchmen dream historic wins,positive
thing love ittt,positive
emmys 2020 issa raes win best comedy sunday vogue,positive
really like issa rae cant wait new season,positive
love great job,positive
love much youre genius,positive
started watching issa rae national treasure love woman much,positive
rewatching amazing,positive
congrats one best shows ive seen ive watched lot shows,positive
im happy issa rae deserves everything coming way finally nominated,positive
help write version,neutral
miss coming back,neutral
came people kept saying looked like issa rae,neutral
confession make talk mirror like issa like much,neutral
work always give pep talks rap like,neutral
im rewatching truly think ahmal amp kelli spin lol insecurehbo,neutral
finally caught amp wylin,neutral
years emmy outstanding lead actress comedy series tough battle catherine ohara issa rae watch,neutral
looks like issa rae might beat katherine hara year insecurehbo emmys,neutral
season 5 suppose come,neutral
name issa rae fix man,negative
poor ppl comedic relief u hate poor ppl,negative
fans tv show know make jokes referred wood saddening,negative
issa rae nominated acting award mj rodriguez could also nominated,negative
7 right killing eve closely followed linda cardellini actual love life,positive
linda cardellini favorite crush like 20 years also still incredibly hot,positive
wanted say performances floor artist beyond spectacular top root dtom win emmys year fan life spectacularness come often im hooked sending love,positive
linda cardellini good late game,positive
great show brilliant playing judy,positive
christina applegate linda cardellini great show,positive
im late party masterpiece wan na mary linda cardellini,positive
good morning month linda cardellini win first emmy,positive
linda cardellini win emmy best comedic actress,positive
wait linda cardellini win emmy,positive
realized linda cardellinis character actually jenny schecter l word,neutral
started crazy linda cardellini turn anything shes gay,neutral
omg linda cardellini exactly u said specifically,neutral
thinking linda cardellini,neutral
didnt realize needed see linda cardellini cry eat vanilla pudding cup s2e1,neutral
decided casting christina applegate linda cardellini co leads new dark comedy show immediately comes end,neutral
damn really dreamt roomates walked kitchen saw linda started telling two girls idk wanted rry f ck linda telling one,neutral
emmy nominee breaking hearts deadtome,neutral
wonder linda cardellinis daughters father sitting next emmys,neutral
category best actress comedy tie deserve emmy,neutral
finally watching mrs maisel rachel brosnahan keeps beautiful performances keep looking furniture set design want,positive
anyone told look like rachel brosnahan plays midge maisel mrs maisel definitely see similarity,neutral
btw finished season 1 2 mrs maisel god im obsessed rachel brosnahan acting shes soooo goodd,positive
binge watching season 1 mrs maisel could see rachel brosnahan received lots awards accolades performance,positive
congratulations rachel brosnahan another nomination mrs maisel,positive
yes however im expecting patriots lose game im going somewhat bad night rachel brosnahan losing emmy,negative
gay hot take totally would kick rachel brosnahan catherine hara emmy nominees replace kristen bell,negative
interesting rachel brosnahan nominated emmy offensive portrayal jew ever seen horrible voice unfunny award get kkk award,negative
askemmys rachel brosnahan favorite thing filming mrs maisel,neutral
think win award outstanding lead actress comedy series emmys christina applegate rachel brosnahan mrs maisel linda cardellini part 1 3,neutral
rachel brosnahan mrs maisel midges privilege blinds complete interviewtranscript,neutral
one new favorite young actresses rachel brosnahan mrs maisel,positive
welp finished mrs maisel season 3 little disappointed direction lot characters arcs went disliked miriams actually overall stuck bc rachel brosnahan cute af acting still superb 7 10,positive
emmy winner rachel brosnahan starred enjoyable 20 minutes television year even sure supposed comedy drama simply perfect art marketingstrategy,positive
tasteless rachel brosnahan isnt good actress doesnt deserve emmy whomst,negative
rachel brosnahan says happy see emmy recognition technical categories series nods set design period costumes hairstyling,positive
watched rerun ish episode trump required viewing spoke every truth americans saying decades every truth stellar work,positive
started watching ish omg frkn good crimeandpunishment episode blackish,positive
luv watching ish looking fabulous tonight,positive
favorite sitcom tv one underrated shows time criminally robbed every emmy night glad episode finally seeing light,positive
yasss twitter celebrates zendaya issa rae regina king kerry washington tracee ellis ross top women dominated emmynoms,positive
excited emmy nomination amazing talent never less wonderful rainbow johnson incredibly rich funny warm strong stubborn stylish smart deep original beautiful powerful character,positive
congrats emmy nomination,positive
congratulations emmy nomination outstanding lead actress comedy series,positive
activism demonstrated multiple avenues exemplary acting career selection positive strong career oriented african american women roles demonstrating ethical professional intelligent congratulations emmy nomination,positive
know waits end rainbowgold emmy congrats emmy nomination blackish,positive
tracee ellis ross anything else besides girlfriends ish aint hate love women,neutral
jos seen ish multiple times still know tracee ellis ross even name character name,neutral
tracee ellis ross ish pulling curtain back life working mother complete interviewtranscript,neutral
new hollywood podcast tracee ellis ross talks ish journey code switching controversial episode via,neutral
tracee ellis ross dnc host emmy nominee singer daily social distancing show,neutral
tracee ellis ross engrossed emmy nomination breakingnews cnbc retweet,neutral
icymi case hadnt heard jill marie jones tracee ellis ross golden brooks persia white reunited episode ish induced copious amounts nostalgia,neutral
ish literally short shit show shit e folks experiences culture etc agree w insight feeling ish evolved societal standing tracee ellis ross gave explanation show debuted,neutral
hulu streams controversial ish episode stalled described anti trump episode ofblack ish popular abc sitcom starring anthony andersonand tracee ellis ross previously,neutral
one woman ever best actress comedy series emmy isabel sanford jeffersons 39 years ago issa rae tracee ellis ross ish running year,neutral
travesty tracee ellis ross never nominated emmy girlfriends know,negative
tomorrow levy fam annie murphy catherine ohara lockdown household however andre braugher also included lockdown schitts creek supremacy,positive
comedy best comedy creek lead actor eugene levy lead actress catherine hara supporting actor tony shalhoub supporting actress alex borstein,neutral
melhor atriz em srie de comdia christina applegate disque amiga para matar rachel brosnahan mrs maisel linda cardellini disque amiga para matar catherine hara creek issa rae tracee ellis ross ish,neutral
best actress comedy catherine ohara schitts creek mi diosa best actor comedy eugene levy schitts creek best supporting actress comedy darcy carden good place best supporting actor comedy tony shalhoub mrs maisel,neutral
amazing husband took mini tour rosebud motel amp creek anniversary hoping catherine ohara rest schitts creek team sweep emmys tomorrow schittscreek emmys,positive
im really happy catherine ohara means mama one christmas movie badass little white boy deserves flowers schitts creek alone,positive
schitts creek catherine ohara moiras five best looks via,neutral
time predicting emmys schitts creek best comedy eugene levy best actor comedy series catherine ohara best actress comedy series dan levy best supporting actor comedy series better criminal ohara doesnt,positive
know late creek watched episode catherine hara gets drunk fruit wine genius,positive
rapid fire emmys predictions comedy series writing creek directing actress catherine hara creek actor ramy youssef supp actor tony shaloub mrs maisel supp actress yvonne orji,neutral
lolololol god catherine ohara movie sex bob four times people rightly gave props schitts creek already knew performance decade prior,positive
amazon prime video amp vudu couple seasons tv series creek hd starring eugene levy amp catherine hara amp dan levy sale 4 99,neutral
starting watch schitts creek moira catherine ohara amazing,positive
creek earned two awards including win catherine hara molly denali youth sub,positive
hits keep coming schitts creek outstanding indeed catherine ohara magnificent,positive
creek two tca awards outstanding achievement comedy individual achievement comedy catherine hara thank thank thank honour recognized writing tv every day,positive
comedy actress 1 christina applegate 2 rachel brosnahan mrs maisel 3 linda cardellini 4 issa rae 5 catherine hara creek 6 tracee ellis ross ish winner hara alt rae emmys,neutral
congratulations creek seven wins today best lgbtq show best comedy best actress catherine hara best supporting actor dan levy best supporting actress annie murphy,positive
huge thanks galeca honouring creek five best lgbtq show best comedy best actress catherine hara best supporting actor best supporting actress addition dan levy received wilde wit award,positive
lets take minute appreciate catherine oharas iconic role moira rose schitts creek,positive
actress comedy catherine hara creek rachel brosnahan mrs maisel justina machado one day time christina applegate linda cardellini tess romero diary future president,neutral
catherine hara character creek pretty much exactly imagine top rather delusional drama teacher smalltown high school retired realized never actually famous actress,neutral
tonya gives best show vibes also forgot first time see eugene levy catherine hara together creek,neutral
let help list top five reasons love creek 1 ew david 2 cafe tro giant menus tiny booths 3 catherine hara 4 levys 5 catherine hara,positive
schitts creek one televisionss greatest comedies deserves every emmy award nominated catherine ohara bebe levys alexis shower awards year,positive
anyone going tell schitts creek eugene levy catherine ohara played husband wife hedge 2006,neutral
numerous attempts throughout years finally got schitts creek thats power catherine ohara never give till get,positive
finished watching final season creek 44 minute documentary end bawled eyes one fave shows ever deserving awards quick somebody give catherine hara billion emmys,positive
mileystewart catherine hara moira rose schitts creek 2015 2020,neutral
realizing catherine ohara voice sally nightmare christmas watching schitts creek messing mind rn,neutral
creek good love catherine hara hell hope one day never tried,positive
ruth ann since met probably seen avalanche tweets one two four catherine hara moira costumes creek charity wardrobe sale society must come cosplay,neutral
catherine ohara winning emmy schitts creek highlight 2020,positive
finished watching schitts creeks final season final opportunity celebrate comedic masterclass catherine ohara annie murphy elongated season rewatching every scene involving either,positive
winner 2020 emmy outstanding leading actress comedy series goes catherine hara creek,positive
eugene levy catherine ohara schitts creek,neutral
never actually watched creek really appreciate catherine hara wearing gambit ascot bib thing 90s,positive
listening interview creek fame catherine hara nobody longform interview well,neutral
dear im teacher toronto im wrought anxiety started watching schitts creek week two ago know im late ok really getting right thanks whole fam incomparable catherine ohara,positive
im wondering person character moira rose schitts creek based catherine ohara added wonderful expressions dialogue,positive
creek gets better good begin catherine hara singing danny boy funeral seen know special may live creek,positive
watching catherine ohara beetlejuice post schitts creek binging bringing much life feel new,positive
emmys catherine ohara schitts creek 6x02 incident issa rae 4x08 lowkey happy tracee ellis ross ish 6x13 kid life crisis mais,neutral
schitts creek star co creator reveals catherine oharas secret playing drunk set source schittscreek davidrose,neutral
creek deceptively bad early episodes much like us office worth sticking catherine hara hysterically funny throughout,positive
every character catherine hara plays reminds pelosi creek,neutral
dont think actor made much line catherine ohara honestly kind kitten befriends giraffe schitts creek outstanding,positive
catherine hara creek like dozen words bebe,neutral
schitts creek catherine ohara moiras five best looks via,neutral
husband watching creek makes want go back rewatch movies catherine hara eugene levy,positive
watchin schitts creek count catherine ohara gives great pointers,positive
catherine hara win emmy creek become joker,positive
2nd watch creek catherine hara figured right away moira rose,positive
schitts creek also canadian catherine ohara hilarious,positive
creek even tho love catherine hara things,positive
creek say appeal slow burn character growth also seeing catherine hara thing first season bit rough also many folks whose taste trust life short unenjoyment,positive
succession good place sorry creek watchmen hannah gadsby douglas sarah snook jeremy strong eugene levy catherine ohara regina king jovan adepo william jackson harper darcy carden maya rudolph fred willard phylicia rashad,neutral
1 paul mescal normal people 2 shira haas unorthodox 3 catherine hara creek 4 best song pal one less angel mrs maisel 5 arcy carden good place,neutral
felt like gob bluth thing made huge mistake investing time trying get creek deeply unfunny imho said fond farewell beloved catherine hara happily moved life,negative
imagine finding creek least little bit funny catherine hara alone worth least giggles personally find riotously funny,positive
catherine ohara moira roses unique vocabulary life schitts creek,neutral
happy found creek netflix watching weekend getting pop every hour like yes addicted life catherine hara brilliant david favourite character,positive
catherineohara goddamned national treasure schitts creek catherine ohara moiras five best looks via,positive
think bought art sold openings duh patrons think bought patrons woof man catherine hara good general store episode creek excels tortured mother gt ___ lt,positive
catherine ohara always intimidated good way really drove point home schitts creek,positive
peak 2020 logging see creek trending immediately thinking something happened one daniel eugene levy catherine hara emily hampshire dustin milligan annie murphy ffs,neutral
catherine hara named wigs creek via,neutral
comedy actor eugene levy actress catherine hara sup actor tony shaloub sup actress alex borstein think creek maisel split categories creek could sweep whole thing think lose least one acting category,positive
waiting someone catherine oharas moira schitts creek snatch gaaaame,neutral
recently discovered schitts creek binged totally loved catherine oharas character laughter tears great entertainment,positive
big catherine hara fan years started watching schitts creek recognized eugene comedy legend,positive
seriously one didnt know talented catherine ohara schitts creek always knew kevins mom,positive
1 2way creek ass deep show beautifully made love catherine hara,positive
want catherine oharas version danny boy schitts creek played funeral,positive
219 220 creek seasons 5 6 sure comedy series ever highly exceeded expectations going biting salty memeable huge heart underneath moira rose simply god tier character could catherine hara,positive
catherine ohara entire cast schitts creek,neutral
finally watching creek hilarious catherine hara goddess,positive
watched every episode creek 3 times amp laugh hard every time whole cast amazing amp catherine hara made moira rose also ted seems get hotter every time urge everyone watch schittscreek,positive
catherine ohara unbelievably get awards please ive bingeing schitts creek im obsessed,positive
catherine ohara schitts creek everything,positive
binged creek amp bingeing brilliant loved eugene levy catherine hara natural born days daniel levy amazing folks alexis simply astonishing watching like watching master class,positive
schitts creek less heteronormative funny actual comedy character development stereotyping sitcom roles said ive binged plus catherine ohara genius,positive
creek stars 40 years ago eugene levy catherine hara 1979 keepit shownotes,neutral
think catherine hara join cast succession reprise role creek would fit well,neutral
ana sorys lucky bromhead schitts creek hair makeup transforming catherine ohara moira drama exclusive videointerview,neutral
schitts creek one best light hearted feel good comedies seen recently brings light easiness amp comfort want around catherine hara wow performance chemistry eugene levy beautiful love wine amp label,positive
funniest moment schitts creek far easily catherine oharas moira going full cockney whilst trying purchase car,positive
doesnt look like catherine ohara home alone schitts creek potential skit fall,neutral
started watching creek catherine hara eugene levy stayed adorable gay romance plot lines,positive
life unknowingly empty graced catherine oharas rendition danny boy schitts creek,positive
currently watching creek amp probably one best comedies ever watched quirky zany also heartfelt catherine hara amp eugene levy superb amp completely believable longtime married couple performing together decades,positive
catherine ohara goddamn treasure phenomenal yes ive bingeing schitts creek,positive
watching creek trip love moira character catherine hara actor hate everything moira manipulate gaslight everyone around much makes skin crawl,positive
despite incredible career celebrity still think catherine hara deeply underrated performances always incredible watching creek fucking revelation give everything,positive
way catherine ohara pronounces baby schitts creek literally thing keeping going right,positive
annie murphy schitts creek amp working eugene levy dan levy catherineohara,neutral
eugene levy amp catherine ohara schitts creek emmy tsunami magic second city amp 45 year show business connection actorsside via,neutral
love pre emmy interviews getting rt eugene levy amp catherine ohara schitts creeks emmy tsunami magic second city 45 year show business connection actors side,positive
im talking like catherine ohara schitts creek,neutral
heard first catherine hara bebe day creek honestly better antidepressants,positive
started creek catherine hara straight acid delightful,positive
watching schitts creek moment great seeing catherine ohara mum home alone eugene daniel levy created show super daft often uplifting,positive
also throwing love catherine ohara home alone movies beetljuice christopher guest movies especially recently schitts creek different characters yet shes completely owned every single one,positive
catherine ohara schitts creek leads emmy odds comedy actress whos 2ndplace,neutral
binged 1st season creek brisk 3 days thoughts asked favorite character feel would exclude moira catherine hara good,positive
got watching creek demand eugene levy catherine hara brilliant acting comic duo levy quiet reactor broke heart mighty wind oscar,positive
love catherine ohara schitts creek emmys 2020 episode submission revealed goldderby,positive
catherine hara creek emmys 2020 episode submission revealed partial fruit wine commercial via,neutral
catherine ohara schitts creek goddess,positive
catherine ohara schitts creek shes like miles davis salvador dali really something else,positive
chris elliot catherine ohara show two questions get lucky know schitts creek last week,positive
ive gone rabbit hole interviews schitts creek cast cant get catherine ohara annie murphy dont sound like moira alexis rose irl,neutral
another schitts creek update made season 2 definitely slower moments mostly alexis storylines david still great moira catherine ohara treasures,positive
watching schitts creek netflix catherine ohara goddess,positive
delayed watching creek far long catherine hara bonkers accent greatest thing ever grace tv,positive
catherine ohara schitts creek best work since prob beetlejuice,positive
eugene levy catherine hara married everyone head like creek even,neutral
5 seasons schitts creek yesterday mistakenly thought irritating sitcom loud fan baserather exact sense humor gays character growth eugene levy catherine ohara,positive
started schitts creek netflix love catherine ohara,positive
talk fucking hilarious catherine ohara schitts creek shes basically delia 27 years later,positive
daily mantra inflection courtesy moira rose catherine ohara schitts creek tgif,neutral
opinion schitts creek star catherine ohara deserves emmy,positive
creek catherine hara national treasure,positive
think going race schitts creek actors best comedy point dont really see anybody else winning catherine ohara eugene levy dan levy cant see maisel taking schitts creek theres way,positive
yup agree sports betting odds people brainer catherine ohara going win emmy eugene schitts creek look odds people emmys2020 schittscreek,positive
catherine hara global treasure creek gift,positive
goodnight emmy nominees christina applegate linda cardellini,neutral
congratulations everyone nominated emmy deserve name particulars jennifer aniston meryl streep christina applegate deserve love,positive
good night six times emmy nominee christina applegate,neutral
good morning emmy award nominees christina applegate linda cardellini,positive
emmy awards 2020 kerry washington christina applegate rachel brosnahan among latest nominees advanced functional fabrics workshop held jointly affoa industrial partner new balance develops concepts biodegradable footwear active textiles,neutral
according gold derby linda cardellini christina applegate made history week seventh duo co stars ever nominated together emmys best comedy actress last pair jane fonda lily tomlin grace frankie 2017,neutral
cant wait see christina applegate miss emmy win announcement poor internet connection cat knocking camera,neutral
woke thinking emmy award nominee linda cardellini calling emmy award nominee christina applegate person,neutral
emmy nominations christina applegate linda cardellini deadtome carries torch great women duos comedy television,positive
knew christina applegate could act ignorant self didnt stumbled upon deadtome netflix okay less stumbling really actively finding new favorite show watch among years emmy nominations,positive
someone please give christina applegate emmys finished season 2 wow,positive
christina applegate linda cardellini perfectly cast chemistry performances nuanced fantastic im glad show two got recognized emmy well deserved wait hear thoughts grace deadtome emmys2020,positive
good choice future 2 time emmy winner christina applegate,positive
emmy linda cardellini christina applegate,positive
emmy nominees christina applegate amp linda cardellini said working deadtome made feel like theyd known forever two actresses working together two women understood,neutral
2020 might completely screwed christina applegate linda cardellini share emmy trophy emmys2020 deadtome,positive
kerry washington christina applegate 2020 emmy noms best acting advice,neutral
prepared emmy without cate blanchett christina applegate bc wont able,negative
emmy nominee christina applegate opens wants experience season 3 deadtome watch full interview cast emmys,neutral
manifesting christina applegate emmy award winner,positive
lead actress comedy series give mes christina applegate amp linda cardellini,positive
christina applegate amp linda cardellini honestly phenomenal amp havent watched yet youre missing,positive
atleast christina applegate linda cadellini nominated outstanding comedy actress lol comedy ba hahahah,positive
im sorry season 2 immaculate linda cardinelli christina applegate deserve emmys dont make rules,positive
hope sapphic mutuals still watched christina applegate linda cardellini really deserve emmy phenomenal acting omg cried laughed much every ep,positive
netflixs earned rare recognition emmys christina applegate linda cardellini nominated best female lead comedy,positive
christina applegate linda cardellini strong leads think underestimated ms applegates acting chops less serious roles like serious role enjoying s1,positive
get secondary embarrassment pretty easily another show im really digging paused eek netflix christina applegate linda cardellini,positive
finished im love christina applegate linda cardellini goodbye,positive
honestly took til episode 9 glimpsing ferrell producer christina applegate talking mastectomy realised female anchor anchorman,neutral
god really hate christina applegates son needs one good summer mother set ass straight,negative
liz feldmans dark netflix comedy renewed third series landed four nominations including best comedy series christina applegate linda cardellini go head head lead actress category show also running best casting,positive
usually cgi actors look better watch first season netflix tell christina applegate neck cgi nearly every scene distracting netflix expect gold exception okja,negative
netflix excellent christina applegate good funny moments technically drama,positive
christina applegate delightful soo good finished season one,positive
netflixs earned rare recognition emmys christina applegate linda cardellini nominated best female lead comedy,positive
christina applegate linda cardellini amazing wank like james marsden,positive
seen well done 2 seasons nice cast amp christina applegate surprised hell,positive
watched netflix entertaining christina applegate good,positive
gut feeling christina applegate going mom,neutral
dont gibve fuck linda cardellini christina applegate get emmy outstanding lead comedy really way go,positive
season 2 ended bang course ckever cliffhanger everything abt show clever fresh christina applegate amp linda cardinelli made emmy caliber perfs actors,positive
love christina applegate hope wins emmy,positive
ultimate getting shit drinking mass amounts wine best girl friends feel better tragic dramedy real raw christina applegate killed femaleempowerment christinapplegate,positive
loooove good love christina applegate linda cardellini,positive
watching love christina applegate linda cardellini great love seeing great roles women generation,positive
oh ive tv loop long time note though w christina applegate al bundys daughter netflix awesome,positive
late know watched first episode know sooner coz christina applegate top 3 christinas time absolutely adore,positive
watching christina applegate,neutral
issa rae yvonne orji insecurehbo would ignored season every episode brilliant season telling fascinating adult story female friendship emmys,positive
issa rae celebrity celebrate heart freshman year college misadventures awkward girl continues create characters see emmy nomination due happy,positive
congratulations issa rae love emmys,positive
issa u go girl emmys,positive
fact god gave 2 min zoom call w generous legends icons stars amp year got nominated emmys floored say least think dynamic wonderful performances television deserve everything,positive
succession cate blanchett issa rae creek nab emmy nominations emmynominations,neutral
hats schittscreek never tv show deserving show deserves 15 emmys nominated succession cate blanchett issa rae creek nab emmy nominations emmynominations,positive
finally tv academy recognized whose 2 series nominated 11 emmys including comedy series variety sketch series best actress rae best supporting actress guest actress,positive
proud entire insecurehbo crew bring home issarae womenempowerment blackexcellence theblackmancan emmy fashion molly,positive
whole ass mood congrats big sister mind emmy nom,positive
honour issa rae yvonne orji kerry washington receiving emmy nominations issa yvonne talking time kerry directing insecurehbo tried bring scandal energy set,neutral
big shoutout emmy nominations ahead seasons launch able talk crafting soundtrack shes listening,positive
shout creating enjoyable television ive watched years emmy nods well deserved,positive
issa rae going youtube hbo amp emmy consideration within 10 years shows evolution media led transition women women always cool see good ideas take amp others,positive
deserves emmy love,positive
used watch issa rae youtube show created 8 emmy nominations awww,positive
congrats emmy nod deserve keep reppin city,positive
yelled husband amp emmy nominations like freaking love getthemall,positive
issa rae deserves emmy incredible actress,positive
good molly actually hated congrats emmy nomination emmys2020 insecurehbo yvonneorji blackgirlmagic,positive
wow issa rae started youtube skits emmy nom,positive
good morning emmy nominated queen rest moonwalk atlantic dont time okay,positive
oh soul love congratulate emmy nominations queens deserve thee best,positive
2020 emmy nominations issa rae zendaya years awards emmy nominations,neutral
made day today give emmys,positive
womancrushwednesday actress beyond amazing insecurehbo movies enjoy congrats emmy nomination hope meet someday beautiful queen love,positive
2020 emmy nominations repping africa hard congratulations,neutral
emmy nominations issa rae anthony anderson cheadle regina king kerry washington nominated fans react viola davis snub,neutral
deserve cheer right feels damn good congrats amazing talent nominated emmys year rooting emmyssoblack video shared mara akil song quote,positive
congrats emmy nominations im lowkey inspired starring,positive
went youtube hbo show nominated multiple emmys amazing inspiration,positive
congratulations insecurehbo 8 emmy nominations mostdeserving issarae yvonneorji natasharothwell amandaseales,positive
would really dope see issa rae win emmy,positive
pray issa rae wins emmys insecurehbo,positive
excellence regina king issa rae billy porter zendaya among record number emmy awards nominees for2020,positive
met 2013 race amp technology workshop hosted 2013 height issaraes mis adventures awkward girl comedy series emmy nominations congratulations blackwomenlead,positive
issa rae regina king actors receive historically high number emmy award nominations,neutral
emmy nominations increase diversity demand inclusion representation continues emmy nominations include anthony anderson issa rae tracee ellis ross regina king many read,neutral
nominees outstanding lead actress comedy series 72nd emmy awards include christina applegate linda cardellini rachel brosnahan catherine hara issa rae tracee ellis ross shutterstocknow,neutral
issa rae thee entire cast pose regina king octavia zendaya better win emmys,positive
congratulations 8 emmy nominations rooting everybody bettingonblack,positive
show kept going covid congrats emmy nod deserved look forward upcoming projects,positive
lot emmy noms little performative issa rae best actress outstanding writing ridiculous know issa act give flowers flowers due,negative
going get emmy,positive
ass mind blowing inspiring issa rae started awkward girl youtube emmy nominated actress producer like bruh,positive
looks like issa rae might beat katherine hara year insecurehbo emmys,positive
emmys breaking odds best actress comedy series issarae,neutral
know im going need actors attend emmys solidarity tell ya friends,negative
congrats gals super funny believable characters shake emmys,positive
issa rae finally winning emmy wouldnt mad linda cardellini comedy actress category,positive
record issa rae zendaya dont get emmys respective categories single handedly start next american revolution,positive
emmys 2020 schittscreek buzz aldrin historic nominees,neutral
emmy awards oprah winfrey issa rae anthony anderson among stars make appearances virtual ceremony,neutral
issa rae america ferrera lena waithe among first emmy awards talent,neutral
anthony anderson gabrielle union issa rae lena waithe oprah winfrey make special appearances 72nd emmy awards blackfilm,neutral
pleaaaaase let zendaya issa rae get emmys year pleasseeee,positive
hours night 2 creative arts emmys back shell joined watch happen live 8pm et 5pm pt,neutral
praying get emmy,positive
issa rae top tier,positive
binge watching right love issa rae much,positive
another emmy award nominee huge congratulations issa rae entire cast nomination,positive
deserve catherine oharas last chance win playing moira rose issa win every year id happy gets best comedy series year,positive
thrive obstacles told told push harder congrats emmy nominations hippiehappenings shortfilm comedy wcw issarae ablackladysketchshow actress writer creator director emmynomination,positive
crying bout issa rae latina friend literally two afrolatinos work kiss ass,negative
issa rae didnt put latinos amp afro latinos tweet foolishness like people supported dascha like crazy whole career,negative
know yah happy issa rae amp hbo emmy nominations cut bitch emmy disrespected cast pose,negative
anyway watch issa rae yvonne orji honestly funny talent work emmys,positive
universal brought together jordan peele lovebirds star issa rae new horror film sinkhole,neutral
favorite thing far issa rae character constantly pushing vulnerability openness means eye tv show,positive
like issa rae movies like,negative
congrats issa rae emmy nomination insecurehbo emmys2020 emmynominations,positive
creator issa rae teaming oscar winning filmmaker jordan peele new film dives female perfection identity,neutral
egotisticalgold issa rae season 4 finale lowkey lost,negative
insecures issa rae love los angeles hollywood renaissance via,neutral
started still stands love issa rae lol,positive
discovered amazing life way similar jury duty mail scence best thing ever,positive
girlfriend celebrating well deserved emmy noms tonight true jen harding judy hale fashion many congrats brilliant show everyone else involved bringing magic screens,positive
things actually liked emmy noms 1 linda cardellini getting snubbed 2 finally getting love 3 jackie daytona ep shadows getting nominated cuz funniest shit tv last year,positive
mindblowing second emmy nomination shes underrated actress enviable tv resume includes freaks geeks er mad men bloodline amp long overdue watch deadtome emmys emmynoms,positive
category best actress comedy tie deserve emmy,positive
remember monologue linda cardellini front bathroom mirror yeah want win emmy pero sure want win category,positive
linda cardellini better win emmy,positive
something emmy nominee linda cardellini feels right,positive
thinking linda cardellini holding emmy,positive
linda cardellini better winning emmy,positive
big shout emmy nom fabulous fabulous inclusive show two badass latina characters non stereotyped roles amp lovely lgbtq storyline brava,positive
emmy winner linda cardellini manifesting,positive
heres 2020 saved linda cardellini winning well deserved emmy award,positive
emmys confirmed happen virtually year september 20th celebrities appearing homes shirt think wear,neutral
awesome congrats emmy nomination,positive
linda cardellini win leading actress emmy,positive
wrote longevity female comedic duos television ecstatic emmys recognized deadtome jen without judy goes many shows amp characters,positive
emmy nominees linda cardellini christina applegate hope yall well,positive
anything linda cardellini automatic emmy consideration book,positive
absolutely loved 2nd season deadtome afterlife prefer show performances fucking amazing impressive bryan cranston breaking bad fake interest work amazing emmy,positive
linda cardellini wear pantsuit emmys challenge,neutral
linda cardellini wins emmy award outstanding lead actress comedy series everyone realise,positive
lindacardellini started many favorite early 2000s films like legallyblonde scoobydoo brokebackmountain lindas career still going strong earned emmy nomination deadtome,positive
give linda cardellini emmy award scene alone,positive
sexual tension linda cardellini emmy,positive
go ahead give amp emmy season 2 cause performances everything amp netflix,positive
linda cardellini win emmy linda cardellini win emmy linda cardellini win emmy linda cardellini win emmy linda cardellini win emmy linda cardellini win emmy linda cardellini win emmy linda cardellini win emmy,positive
one week emmys one week linda cardellini emmy winner im manifesting,positive
linda cardellini emmys submission knew helps organize vigil becomes emotional wreck win first emmy career dive episode,neutral
linda cardellini gives wonderful warm performance judy hale deadtome read analysis great episode submission emmy voters,positive
range emotions portrays within 8 seconds linda cardellini given long overdue emmy,positive
linda cardellini looking emmy,neutral
askemmys linda cardellini find emmy nomination,neutral
meant say earlier give linda cardellini emmy,positive
ozark unbelievable morning show stranger things linda cardellini jennifer aniston laura dern meryl streep emmy awards,neutral
good show good need watch seasons love much deserves success always top favourite shows good job incredible show full emotions,positive
freaking good god love linda cardellini character freaking adorable,positive
started watching oof linda cardellini many thoughts,neutral
emmy winner linda cardellini manifesting,positive
comedy lead actress rachel brosnahan mrs maisel lead actor eugene levy creek ted danson good place supporting actress alex borstein mrs maisel marin hinkle maisel arcy carden good place,neutral
emmy episode analysis rachel brosnahan mrs maisel walks apollo wins best actress,neutral
2018 emmy champ rachel brosnahan mrs maisel hoping win submitted jewish girl walks apollo midge made debut famed theaterr submission help prevail,neutral
rachel brosnahan mrs maisel cotton jacket shop gt gt follow like amp retweet win gift rachel mrsmaisal clothing fashion stylish trendy onlineshopping saturdaymorning ordernow womenswear stayhome discount jacket sale,neutral
uploaded newish illustration rachel brosnahan amazing role mrs maisel profile wait next season great show,positive
emmy nominated rachel brosnahan mrs maisel return sleeping homeless youth,neutral
rachel brosnahans hair brown hope means theyre filming mrs maisel soon,neutral
great look mrs maisel filmed miami beach pre pandemic set mrs maisel rachel brosnahan alex borstein 850 extras read,neutral
mrs maisel star rachel brosnahan looks back character less straight path towards progress,neutral
latest episode tv podcast stop watching talk rachel brosnahan recently landed emmy nomination asked thinks midge headed shake season finale mrs maisel,neutral
outstanding lead actress comedy series would christina applegate rachel brosnahan mrs maisel linda cardellini natasia demetriou shadows catherine hara creek issa rae emmys,positive
rachel brosnahan mrs maisel performing massive swarm cheering extras crazy felt like bono exclusive videointerview,neutral
eight months amazon released latest season mrs maisel finally got chance watch good one rachel brosnahan midge everything character flawlessly alex sterling marin tony deserve,positive
naomi scott star distant naomi scott star sci fi movie distant according deadline 27 year old actress replaced rachel brosnahan upcoming film mrs maisel star pull project due scheduling conflict,neutral
watchmen scored 26 nods including best limited series amazon studio mrs maisel got 20 including best actress nod star rachel brosnahan tv series deserves nomination,positive
thinking emmy award winner rachel brosnahan,positive
rachel brosnahan celebrates emmynominations,neutral
good morning four time emmy nominee one time emmy winner rachel brosnahan three time emmy nomination snubbed michael zegen,positive
new always kira kira emmy nomination huge congratulations super talented rachel brosnahanand mrsmaiselbunch ig lisaaharon,positive
congrats respective emmy nominations outstanding lead actor lead actress comedy series blackish,positive
emmys rejected yesterday fifteen years even nominated veronica mars heroes party parks rec house lies career valedictory gotten tracee ellis ross took slot,negative
happens get emmy nominated room together absolute magic,positive
honestly never excited emmys year zendaya watchmen brian cox sterling k brown kominski method tracee ellis ross succession euphoria regina king yahya abdul mateen damn near everything loved 2019 2020 statue emmys,positive
congratulations emmy nomination,positive
better get fucking emmy got crying doctor couldnt find baby heartbeat,positive
emmy nominee joined us conversationsathome talked whole life experience influenced playing lead character rainbowjohnson watch moderated,neutral
aaagggghhh im happy blackish show crew congrats emmy new film heard love much love work absolutely gorgeous,positive
tracee know stole broadcast network slot emmy nomination kristen bell right,negative
new post follow link provided tracee ellis ross engrossed domestic chores think emmy nomination film news,neutral
daily show trevor noah tracee ellis ross dnc host emmy nominee singer daily social,neutral
please give woman emmy,positive
look tracee ellis ross issa rae regina king flex natural hair skin selfie celebrating emmy nominations,neutral
give zoom emmys golden girls reading tracee ellis ross regina king via,neutral
tracee ellis ross zendaya winning emmys 7 days yup,positive
monologue tracee ellis ross shouldve emmy alone,positive
congrats tracee ellis ross emmy nominatuon ish blackish emmys2020,positive
know tracee ellis ross mom ish oh yeah apparently mom also famous like singer something whole conversation killing,neutral
deadline news ish stars tracee ellis ross amp anthony anderson upcoming season never shy away anything thats happening world contenders tv via,neutral
tracee ellis ross really pushed ish via,neutral
love tracee ellis ross refused gendered chores ish via,positive
new hollywood podcast tracee ellis ross talks ish journey code switching controversial episode,neutral
seeing cry episode ish doctor looking babys heart beat nearly broke shes good actress,positive
dawgg tracee ellis ross ish weak affff,positive
geniuses,positive
lesbian rep important yall like season 2 actually catalyst realizing gay felt watching linda cardellini natalie morales kiss ever felt time trying like men,positive
amazing show christina applegate amp linda cardellini amazing actresses im almost finished season 1,positive
started last night god amazing show im glad started set british shows havent tried american ones haha love edasner well hes damn cute always loved since freaks geeks days,positive
guess maybe bangs seemed get recognized immediately came judy street read partial transcript linda interview little gold men podcast,neutral
linda cardellini id recommend check netflix amazing,positive
rewatching love,positive
love much linda cardellini murdered partner id like whatever cool probably deserved queen,positive
oh ive realised mans daughter young linda cardellini aka judy,neutral
feel like rewatching linda cardellini,positive
recognize linda cardellini save life took forever find freaks geeks scooby doo come find shes judy ive watched 4 times,neutral
manifesting linda cardellini emmy win 8 days,positive
really got ta love linda cardellini range accents characters depending time period setting still happy emmy nomination deserves recognition,positive
hope soon emmy award winner linda cardellini nice day,positive
hello reminder jennifer aniston linda cardellini going win emmy soon,positive
lets dance b c amp catherineohara got nominated da emmys 4 outstanding lead actress comedy series,neutral
loved reading convo linda cardellini choices great via,positive
today finished fantastic show wait season 3 jenandjudy,positive
linda cardellini emmy winner 2020 manifesting,positive
never knew christina applegate linda cardellini pairing needed proved,positive
mean og characters greys cast,neutral
still wild last season got men women idea leaving kid,negative
genius,positive
havent watched sooner lol show funny love issa rae,positive
watched 5 seasons shoe called issa rae idea hell watching,negative
shit im glad started rewatching love issa rae,positive
soundtracks vibe hella hard sis thank,positive
extremely relatable impactful show issa rae fantastic performance truly affecting writing fills show complex characters storylines,positive
england seen shows really play second generation immigrant thing whereas america likely play american play immigrant downplay like issa raes parents underexplored,negative
hi im super late party tv show sooooooo good want issa rae ok,positive
looove real feel like watching drama sake drama makes sense lol,positive
talk mirror way issa rae,neutral
real reason continuously watch tv show back back many hidden messages presented indirectly love,positive
fell love issa rae watching,positive
anybody watched issa rae amp yvonne orji finished season 4 hooked absolute understatement,positive
love issa rae always fave,positive
insecurehbo finished omg one best serie ever molly issa lawrence amazing hope season 5 way soon,positive
thank god shows like,positive
already goated issa rae whole damn queen,positive
vibe missing right,positive
today three years ago introduced thank representation,positive
also caught fully today man show issa rae writes clarity soul believability comes across effortless characters rich complexities yet never forgetting bring humour love,positive
